month,DCEF,RIPO,NIPO,NA,TURN,CCI,sen
2003-01,-0.1034,0.905,5,3.97,0.1054,97.5,-0.4906309291832472
2003-02,-0.1117,0.7691,3,2.85,0.1928,97.7,-0.6215589156237263
2003-03,-0.0941,0.6831,6,3.26,0.1328,97.8,-0.4639254148184668
2003-04,-0.1399,1.1853,5,5.69,0.1218,97.6,-0.5721399563717732
2003-05,-0.1892,1.0623,2,4.21,0.3197,88.7,-1.178083008275459
2003-06,-0.1962,0.8507,7,5.35,0.2558,85.7,-1.148119992729809
2003-07,-0.1436,0.4559,9,3.87,0.1444,88.6,-0.8450504690856666
2003-08,-0.1794,0.5829,9,3.06,0.1263,91.2,-0.8618375005440755
2003-09,-0.1901,0.8065,7,3.02,0.0914,92.7,-0.866055823177131
2003-10,-0.2015,0.7209,5,2.51,0.0983,93.1,-0.9611668699940668
2003-11,-0.2215,0.5567,4,3.95,0.1193,94.2,-1.0446917954803647
2003-12,-0.2168,0.4989,5,5.69,0.1848,94.5,-1.0207790241627102
2004-01,-0.2092,0.5847,4,3.9,0.2355,95.3,-1.015039584205967
2004-02,-0.2476,1.722,3,12.0,0.3299,95.4,-1.0383729300037976
2004-03,-0.2604,1.0574,10,9.27,0.3984,95.2,-1.0064053766178418
2004-04,-0.2402,0.877,12,7.31,0.2628,95.4,-0.8536977426742244
2004-05,-0.2444,0.4443,10,3.6,0.2582,95.0,-0.9966711854390072
2004-06,-0.2256,0.8468,22,4.46,0.1303,92.6,-0.570890585971856
2004-07,-0.2582,0.6252,21,3.2,0.1457,90.1,-0.8150822545301302
2004-08,-0.2846,0.3435,13,3.15,0.1495,91.1,-1.1292810525947483
2004-09,-0.2755,0.174,5,7.47,0.1117,90.8,-1.32568306545842
2004-10,-0.305,0.0,0,3.33,0.2338,91.3,-1.6264517421767453
2004-11,-0.3268,0.0,0,3.87,0.2347,91.8,-1.680316248930272
2004-12,-0.2921,0.0,0,5.56,0.1826,92.7,-1.5164959233763915
2005-01,-0.2796,0.0,0,2.3,0.1221,93.2,-1.4467330775786629
2005-02,-0.3003,0.7897,1,2.35,0.1252,93.5,-1.3807806937750935
2005-03,-0.3133,0.6445,2,4.86,0.2144,93.9,-1.42860353733727
2005-04,-0.2806,0.7533,3,3.54,0.1811,94.4,-1.2579954699756697
2005-05,-0.305,0.2819,6,2.69,0.2096,94.7,-1.3150740377623782
2005-06,-0.3043,0.2462,3,4.54,0.1344,94.3,-1.3777927815326945
2005-07,-0.3321,0.0,0,2.52,0.229,94.6,-1.6151704607595894
2005-08,-0.3031,0.0,0,4.7,0.1708,94.4,-1.4987452822018552
2005-09,-0.3024,0.0,0,5.83,0.3222,94.5,-1.5502627851338608
2005-10,-0.3123,0.0,0,2.33,0.2839,94.3,-1.5828537109331906
2005-11,-0.3233,0.0,0,2.98,0.2041,93.7,-1.602656112911371
2005-12,-0.2902,0.0,0,2.71,0.1651,93.6,-1.4846727693549118
2006-01,-0.2848,0.0,0,3.86,0.164,94.3,-1.4426733300883057
2006-02,-0.3029,0.0,0,4.94,0.331,92.6,-1.6147327736211454
2006-03,-0.3118,0.0,0,7.29,0.2974,90.8,-1.6771403224833352
2006-04,-0.2857,0.0,0,10.71,0.2406,90.4,-1.5730262242432658
2006-05,-0.3098,0.0,0,22.93,0.4601,89.9,-1.7174592807610096
2006-06,-0.3249,1.4838,4,18.67,0.6779,90.1,-1.5652347689701194
2006-07,-0.3053,0.734,4,13.7,0.4232,90.0,-1.5103154196053814
2006-08,-0.3084,0.667,13,7.17,0.3813,90.1,-1.2763992148891825
2006-09,-0.2939,0.8375,4,9.09,0.2211,90.5,-1.3791733672692534
2006-10,-0.3025,0.7379,11,11.62,0.2745,91.4,-1.2106774471801638
2006-11,-0.2796,0.6542,14,14.78,0.3095,91.6,-1.0625393367893614
2006-12,-0.2423,1.062,16,54.46,0.3224,92.0,-0.7169393385581132
2007-01,-0.1707,1.0468,11,108.59,0.4186,92.8,-0.4880593768405574
2007-02,-0.2169,1.1369,8,42.47,0.6069,92.1,-0.9933668249945884
2007-03,-0.1996,1.1599,8,134.96,0.49,95.8,-0.5140088479442112
2007-04,-0.2031,1.6223,15,225.1,0.5484,95.2,-0.0571545767280343
2007-05,-0.2009,1.4721,4,263.9,0.7136,96.2,-0.3001800570018438
2007-06,-0.2209,2.3251,4,173.95,0.8247,96.7,-0.5458235860607195
2007-07,-0.1972,1.4963,6,94.01,0.6207,97.4,-0.6417398530231636
2007-08,-0.1793,3.3464,21,297.47,0.3396,96.7,0.7318215450768091
2007-09,-0.206,2.1936,13,242.16,0.4569,97.3,0.0954038892027777
2007-10,-0.2692,2.6432,3,196.73,0.3633,96.9,-0.4361037501652309
2007-11,-0.2343,1.8218,13,131.97,0.261,96.5,-0.3018031360991972
2007-12,-0.195,1.7235,20,81.4,0.1515,96.0,-0.1082295720664922
2008-01,-0.1742,2.2012,8,84.37,0.1907,96.9,-0.2979307374149116
2008-02,-0.1854,1.7895,10,43.64,0.2966,95.6,-0.5255720314645982
2008-03,-0.1481,1.8893,4,62.07,0.2079,94.3,-0.5121323986477022
2008-04,-0.1268,1.1194,5,51.1,0.2281,94.5,-0.5433736186790413
2008-05,-0.1642,0.8603,19,35.19,0.2291,94.0,-0.3653211589250007
2008-06,-0.2173,0.4541,12,32.32,0.2636,94.3,-0.7937471059055848
2008-07,-0.2057,1.0022,7,30.97,0.174,94.1,-0.8032723237639741
2008-08,-0.2431,0.711,6,23.5,0.2335,94.5,-1.0198396809313794
2008-09,-0.2264,1.2577,5,28.72,0.1368,93.7,-0.8979344344666651
2008-10,-0.2448,0.0,0,23.17,0.1646,93.4,-1.2862661222633558
2008-11,-0.2739,0.0,0,33.47,0.1672,92.4,-1.381260959911559
2008-12,-0.2848,0.4226,1,30.36,0.3018,105.2,-1.0159456243510072
2009-01,-0.2569,0.0,0,10.81,0.3309,101.8,-1.1750047134802193
2009-02,-0.2308,0.0,0,50.93,0.2976,101.3,-0.9784411706119448
2009-03,-0.2706,0.0,0,48.01,0.5514,101.0,-1.224111388730455
2009-04,-0.2589,0.0,0,45.16,0.4103,100.3,-1.1597124051332606
2009-05,-0.2565,0.0,0,36.07,0.4645,100.5,-1.1934406946063032
2009-06,-0.2105,0.0,0,54.63,0.4068,101.2,-0.948945564997721
2009-07,-0.2205,1.1198,5,78.81,0.3708,101.0,-0.6272236292103828
2009-08,-0.226,0.6284,11,72.4,0.455,102.1,-0.5563557304922594
2009-09,-0.2552,0.4778,12,48.76,0.356,102.7,-0.650956721968832
2009-10,-0.2304,0.9928,32,28.81,0.3233,102.8,0.0087459150082425
2009-11,-0.2099,0.5586,11,50.71,0.2817,103.2,-0.4735393317739464
2009-12,-0.2141,0.616,28,52.49,0.3673,103.3,-0.0315123079422813
2010-01,-0.193,0.3669,37,38.58,0.255,103.9,0.2796181262926652
2010-02,-0.1573,0.1595,24,26.19,0.2704,104.7,-0.0113758530931755
2010-03,-0.1522,0.7038,33,60.4,0.1849,104.2,0.4392852116236171
2010-04,-0.143,0.698,30,42.7,0.2114,107.9,0.4340785013945907
2010-05,-0.1505,0.1173,26,38.17,0.2763,106.6,0.1497948975751652
2010-06,-0.134,0.2134,28,34.85,0.1974,108.0,0.3340080880887688
2010-07,-0.1313,0.2327,25,35.48,0.1729,108.5,0.2877967086421532
2010-08,-0.15,0.7496,31,38.11,0.1927,107.8,0.4371316522037996
2010-09,-0.1715,0.5021,29,34.01,0.2604,107.3,0.2285168475525904
2010-10,-0.1333,0.2877,21,39.26,0.2679,104.1,0.0180246467231359
2010-11,-0.1368,0.4948,29,66.66,0.4172,103.8,0.2654249278604799
2010-12,-0.1226,0.3754,37,43.68,0.3615,102.9,0.4491829679667702
2011-01,-0.1072,0.0547,31,26.35,0.1975,100.4,0.2327052800027825
2011-02,-0.0632,0.1902,28,32.34,0.156,99.9,0.3254597144052529
2011-03,-0.086,0.1509,31,61.1,0.2193,99.6,0.3791739886702255
2011-04,-0.0793,0.0164,24,31.62,0.2343,107.6,0.3381480080368909
2011-05,-0.0679,0.0638,26,28.66,0.2025,106.6,0.4105964900209645
2011-06,-0.0571,0.148,28,31.13,0.1392,105.8,0.5195827090386643
2011-07,-0.0814,0.7579,20,26.51,0.1306,108.1,0.3519904840505855
2011-08,-0.093,0.4846,25,30.68,0.1747,105.6,0.3404490971393399
2011-09,-0.0895,0.1276,21,26.14,0.1428,105.0,0.178126275922054
2011-10,-0.0847,0.3309,10,17.43,0.1005,103.4,-0.1444674249442885
2011-11,-0.0983,0.3551,20,24.97,0.1247,100.5,0.0190200993295196
2011-12,-0.1011,0.0656,18,22.91,0.1421,97.0,-0.1986757084338563
2012-01,-0.1297,0.018,10,10.45,0.0919,100.5,-0.4305335951220248
2012-02,-0.117,0.4648,13,26.83,0.1134,103.9,-0.1114251926958265
2012-03,-0.1266,0.2428,27,32.29,0.1548,105.0,0.2532944722999268
2012-04,-0.1188,0.1289,14,10.9,0.1686,100.0,-0.3144121536490877
2012-05,-0.1153,0.2799,19,14.5,0.1523,103.0,-0.0387086072989806
2012-06,-0.1188,0.0568,22,15.83,0.1496,104.2,0.0472199526282352
2012-07,-0.114,0.1758,18,12.06,0.1161,99.3,-0.1784808555193098
2012-08,-0.0981,0.3597,15,13.59,0.1159,98.2,-0.2170825466505217
2012-09,-0.094,0.2274,12,13.6,0.1105,99.4,-0.2657459688762785
2012-10,-0.0996,0.6109,4,9.19,0.1227,100.8,-0.4355556430956008
2012-11,-0.1034,6.2674,1,11.78,0.1063,106.1,0.3331593679881554
2012-12,-0.0992,0.0,0,14.36,0.0852,105.1,-0.4623885738938587
2013-01,-0.1099,0.0,0,15.22,0.1532,103.7,-0.5631157458594432
2013-02,-0.1121,0.0,0,12.65,0.1985,104.5,-0.5715315406328885
2013-03,-0.1099,0.0,0,24.09,0.18,108.2,-0.4138007661646983
2013-04,-0.1238,0.0,0,9.97,0.1686,102.6,-0.6617449946601079
2013-05,-0.1118,0.0,0,14.11,0.1349,103.7,-0.565135297331373
2013-06,-0.1042,0.0,0,12.27,0.1873,99.0,-0.7073395565666251
2013-07,-0.114,0.0,0,12.23,0.1603,97.0,-0.7880566750999091
2013-08,-0.1207,0.0,0,11.72,0.1815,97.2,-0.8134442903048266
2013-09,-0.0903,-0.0521,1,13.13,0.1957,97.8,-0.6779467251120798
2013-10,-0.1112,0.0,0,12.25,0.2241,99.8,-0.7205237154063072
2013-11,-0.0932,0.0,0,13.41,0.2158,102.9,-0.5633858302776302
2013-12,-0.1139,0.6058,1,13.27,0.1677,98.9,-0.6288275589279262
2014-01,-0.1018,0.4294,43,11.12,0.1556,102.3,0.6606882317557206
2014-02,-0.0954,0.4111,5,17.0,0.153,101.1,-0.3993540865609477
2014-03,-0.0816,0.0,0,21.69,0.2485,103.1,-0.5094737077087066
2014-04,-0.0728,0.0,0,11.28,0.182,107.9,-0.3409909991053659
2014-05,-0.0868,0.0,0,9.58,0.1519,104.8,-0.4716115046857473
2014-06,-0.0897,0.4401,4,14.98,0.1255,102.3,-0.3643758660731745
2014-07,-0.0915,0.4399,9,17.66,0.1446,104.7,-0.1587941509717445
2014-08,-0.0833,0.4402,9,21.46,0.1992,104.4,-0.1521845231405081
2014-09,-0.1105,0.4399,11,29.18,0.2387,103.8,-0.1953281874146294
2014-10,-0.0974,0.44,15,27.53,0.2855,105.4,-0.0170279893975052
2014-11,-0.1209,0.44,8,36.12,0.2738,103.4,-0.3184824735138303
2014-12,-0.1177,0.44,21,99.38,0.3154,105.5,0.2814175590793413
2015-01,-0.0848,0.5533,23,65.81,0.4851,105.8,0.3026624911518203
2015-02,-0.1161,0.4401,21,37.29,0.3617,105.7,0.0969867188113362
2015-03,-0.0994,0.4399,27,162.3,0.2814,109.8,0.8292760502957878
2015-04,-0.101,0.44,30,165.84,0.4755,107.1,0.7602913814016292
2015-05,-0.1258,0.44,44,138.62,0.6133,107.6,0.9539474171173056
2015-06,-0.195,0.44,43,154.74,0.5996,109.9,0.8240648214750433
2015-07,-0.1464,0.44,5,68.29,0.6786,105.5,-0.4898095397094949
2015-08,-0.1736,0.0,0,45.62,0.5474,104.5,-0.8131505643011607
2015-09,-0.1719,0.0,0,36.11,0.5143,104.0,-0.8366789171100674
2015-10,-0.0966,0.0,0,35.56,0.3384,105.6,-0.4788853287236471
2015-11,-0.1121,2.4248,1,49.07,0.487,103.8,-0.2781937122004054
2015-12,-0.1003,0.4777,29,47.24,0.5275,104.1,0.2903907983794361
2016-01,-0.09,0.44,1,45.03,0.3681,103.7,-0.4175204503330235
2016-02,-0.0542,0.4401,7,38.49,0.2814,104.0,-0.1104755504569597
2016-03,-0.0588,0.44,16,76.4,0.2971,104.4,0.2398076024811949
2016-04,-0.06,0.44,11,51.71,0.3319,100.0,-0.1194380710819768
2016-05,-0.0496,0.44,13,47.38,0.3088,101.0,-0.0035292825887299
2016-06,-0.0506,0.4401,13,47.36,0.234,99.8,-0.0130483639423163
2016-07,-0.0492,0.44,13,43.54,0.3048,102.9,0.0452172613427013
2016-08,-0.0377,0.4399,30,73.3,0.3136,106.8,0.7545897881199177
2016-09,-0.0347,0.4399,22,61.79,0.2449,105.6,0.4994766345399316
2016-10,-0.0271,0.44,22,43.67,0.2044,104.6,0.4583065737207019
2016-11,-0.0253,0.44,34,58.27,0.2374,107.2,0.9052852390173682
2016-12,-0.0287,0.4399,45,46.56,0.2927,108.6,1.187823168304357
2017-01,-0.0285,0.4399,54,31.88,0.2086,108.4,1.4250178779300162
2017-02,-0.0136,0.44,33,50.5,0.1781,109.2,0.9761008685101068
2017-03,-0.0157,0.44,48,77.8,0.2086,112.6,1.5554321857670872
2017-04,-0.0167,0.44,38,42.77,0.2298,111.0,1.1169552399280895
2017-05,0.0001,0.44,38,41.49,0.2361,113.4,1.2365507107271347
2017-06,-0.0044,0.4399,36,44.33,0.1907,112.0,1.150496312418023
2017-07,-0.0124,0.4398,30,40.45,0.1792,113.3,0.9897529079033784
2017-08,-0.0064,0.4399,37,50.4,0.2105,114.6,1.2592342789961348
2017-09,-0.0084,0.44,37,44.23,0.2242,114.7,1.2327768783363044
2017-10,-0.0321,0.4401,27,32.16,0.2303,118.6,0.9574615655138315
2017-11,-0.0363,0.44,36,40.67,0.1941,123.9,1.3922572863451146
2017-12,-0.051,0.4383,24,32.41,0.2105,121.3,0.9021692410693334
2018-01,-0.0591,0.4401,15,40.94,0.1581,122.6,0.7092568338795837
2018-02,-0.0848,0.6822,13,24.75,0.2102,122.3,0.5247223568980013
2018-03,-0.1066,0.4399,10,51.93,0.1737,124.0,0.484254073734096
2018-04,-0.1151,0.44,9,32.3,0.1978,122.3,0.3126365270356102
2018-05,-0.1078,0.44,8,36.77,0.1964,122.9,0.3394391157810121
2018-06,-0.1126,0.4401,9,34.36,0.1773,122.9,0.3526272895436628
2018-07,-0.1459,0.4401,7,36.61,0.157,118.2,0.0637532528689046
2018-08,-0.146,0.4403,6,35.69,0.1645,119.7,0.0748292506310413
2018-09,-0.1741,0.44,11,30.33,0.134,118.6,0.0879429117224617
2018-10,-0.1818,0.4403,5,30.28,0.1232,118.5,-0.1030140387256561
2018-11,-0.2058,0.44,8,34.99,0.1404,119.1,-0.0718386184887859
2018-12,-0.1784,1.282,7,28.45,0.1764,122.1,0.1480991743207074
2019-01,-0.1828,0.3525,16,34.12,0.1331,123.0,0.3316046717310348
2019-02,-0.1379,0.44,6,33.22,0.1491,123.7,0.2195135174415484
2019-03,-0.1201,0.4399,11,67.49,0.2694,126.0,0.535129839738563
2019-04,-0.1396,0.44,10,51.04,0.3668,124.1,0.3022412825448967
2019-05,-0.1459,0.4401,13,38.42,0.3225,125.3,0.3831555472554561
2019-06,-0.1568,0.4402,10,35.19,0.2024,123.4,0.2459836847365115
2019-07,-0.153,1.0856,37,36.16,0.1922,125.9,1.172110811890135
2019-08,-0.1429,0.9485,15,32.87,0.1636,124.4,0.5309955210497158
2019-09,-0.128,0.9268,11,32.09,0.1854,122.4,0.3938889001119712
2019-10,-0.118,0.7695,16,26.46,0.2343,124.1,0.561674383068976
2019-11,-0.1272,0.5314,31,27.55,0.1736,124.3,0.9546644264407284
2019-12,-0.1201,0.6473,28,26.98,0.1645,124.6,0.91889451275404
2020-01,-0.1177,1.0594,16,26.69,0.2013,126.6,0.6866297644912864
2020-02,-0.1106,1.5804,22,29.85,0.2667,126.4,0.9177222281041304
2020-03,-0.1181,0.5451,13,63.04,0.3768,118.9,0.3425847231201407
2020-04,-0.1279,0.6732,24,54.68,0.3425,122.2,0.722155563700339
2020-05,-0.1086,0.7234,18,40.47,0.2484,116.4,0.446083114836298
2020-06,-0.1166,1.1402,26,51.63,0.2409,115.8,0.7114876103375853
2020-07,-0.1111,1.0085,82,80.88,0.2702,112.6,2.2516905318571543
2020-08,-0.1187,1.4199,59,59.84,0.4434,117.2,1.6448190626595718
2020-09,-0.1076,1.309,67,51.38,0.3319,116.4,1.8862044916642375
2020-10,-0.0953,1.1821,25,37.34,0.2424,120.5,0.8563306600938402
2020-11,-0.0842,1.4013,25,50.9,0.2393,121.7,0.9946290449312428
2020-12,-0.088,0.958,59,54.06,0.2578,124.0,1.947336404443193
2021-01,-0.0912,1.0265,37,69.81,0.2418,122.1,1.3260573285006776
2021-02,-0.0907,1.4464,34,53.65,0.3179,122.8,1.240006423531946
2021-03,-0.0549,1.6878,39,82.58,0.2776,127.0,1.748201643816319
2021-04,-0.0713,1.5797,55,56.38,0.2336,122.2,1.9277986163499023
2021-05,-0.0622,1.5962,42,47.07,0.2187,121.5,1.5547061727779496
2021-06,-0.0764,2.2413,52,51.84,0.247,121.8,1.8784424131848487
2021-07,-0.004,2.5215,51,53.63,0.2698,122.8,2.143318020320752
2021-08,0.0013,1.8123,48,62.49,0.3316,117.8,1.841079318517888
2021-09,0.0229,2.0634,40,53.94,0.3671,117.5,1.670512994468315
2021-10,0.1002,0.5382,34,32.69,0.3696,121.2,1.6137373835786233
2021-11,0.1313,1.2017,47,44.58,0.2717,120.2,2.2003348416741364
2021-12,0.1734,0.5924,45,45.79,0.3025,119.5,2.1754780731088426
2022-01,0.2443,0.4715,32,44.14,0.2901,119.8,2.034818489992996
2022-02,0.3664,0.4208,17,47.15,0.279,121.5,2.066030673280621
2022-03,0.4414,0.3283,37,76.73,0.2518,120.5,2.9188874334070647
2022-04,0.3215,0.0832,36,41.89,0.2749,113.2,2.148986540182303
2022-05,0.2874,0.4557,18,40.09,0.2533,86.7,0.7935147095119959
2022-06,0.1526,0.5093,31,44.34,0.2425,86.8,0.7493145521074924
2022-07,0.2511,0.293,34,37.74,0.299,88.9,1.144463402979372
2022-08,0.1228,0.5029,49,41.53,0.2672,87.9,1.1701678298258344
2022-09,0.2718,0.1924,50,34.35,0.2738,87.0,1.5885271871432236
2022-10,0.2456,0.34,31,26.76,0.2055,87.2,1.0036957014648398
2022-11,0.1602,0.2786,33,32.44,0.2348,86.8,0.7703784022494364
2022-12,0.1968,0.0889,60,23.75,0.266,85.5,1.5419957646428428
2023-01,0.1436,0.4417,10,28.16,0.2172,88.3,0.1349147294233841
2023-02,0.075,0.5563,24,55.89,0.212,91.2,0.4872296313046156
2023-03,0.037,0.2639,34,63.21,0.2328,94.7,0.7257910262068301
2023-04,0.2136,0.4279,35,33.4,0.2388,94.9,1.259398985798613
2023-05,0.1702,0.3941,31,32.42,0.2908,87.1,0.7475524958693899
2023-06,-0.0554,0.2955,39,32.71,0.241,88.2,0.2876943581116418
2023-07,0.0125,0.4302,37,30.34,0.2507,86.4,0.4019679370905332
2023-08,0.0098,1.2932,33,33.2,0.2165,86.4,0.409007996565308
